dinucleotide,Position_1,Position_2,Position_3,Position_4,Position_5,Position_6,Position_7
UU,1.0392336,0.960883,0.4339322,1.236744,0.8672492,0.8740536,1.0828136
UC,1.0815002,1.0365923,0.6692175,1.650639,1.0362544,0.7200765,1.0236186
UA,0.9281661,1.0533096,1.0986912,1.514967,1.0519155,0.7819388,1.1133603
UG,0.9348633,0.9492151,1.7981591,-0.40235,1.0445809,1.6239311,0.7802075
CU,1.0338159,0.9162531,0.5421496,1.181081,0.9012441,0.8723726,1.0070143
CC,1.029554,0.9760758,0.7378623,1.256724,0.9453652,0.7815031,0.93448
CA,0.9242951,1.0395873,1.1103815,1.325281,1.0588176,0.8071519,1.2092942
CG,0.9173232,1.0680838,1.6096066,0.236914,1.0945731,1.5389724,0.8492115
AU,1.0737859,0.9638913,0.500252,1.017188,0.8446866,0.8332845,1.0139044
AC,1.0892991,1.0490785,0.7084507,1.030692,0.9255109,0.7490046,1.2269049
AA,0.9292963,1.0501222,0.9981869,1.034722,1.0592632,0.7712762,1.0311511
AG,0.9806788,0.936908,1.7931104,0.917398,1.1705393,1.6464347,0.7280396
GU,1.0839084,1.0158367,0.4262202,1.006468,0.9187128,0.839033,0.703785
GC,1.1318629,1.081634,0.6696634,1.04724,0.9019639,0.7419479,1.1782457
GA,1.0346506,1.1287405,1.0993321,1.060968,1.0870707,0.7965767,0.7378947
GG,0.7495781,0.7737888,1.8047843,0.885324,1.0922526,1.6224424,1.3800746
