dinucleotide,position,efficiency
UU,1,1.0392336
UU,2,0.960883
UU,3,0.4339322
UU,4,1.236744
UU,5,0.8672492
UU,6,0.8740536
UU,7,1.0828136
UC,1,1.0815002
UC,2,1.0365923
UC,3,0.6692175
UC,4,1.650639
UC,5,1.0362544
UC,6,0.7200765
UC,7,1.0236186
UA,1,0.9281661
UA,2,1.0533096
UA,3,1.0986912
UA,4,1.514967
UA,5,1.0519155
UA,6,0.7819388
UA,7,1.1133603
UG,1,0.9348633
UG,2,0.9492151
UG,3,1.7981591
UG,4,-0.40235
UG,5,1.0445809
UG,6,1.6239311
UG,7,0.7802075
CU,1,1.0338159
CU,2,0.9162531
CU,3,0.5421496
CU,4,1.181081
CU,5,0.9012441
CU,6,0.8723726
CU,7,1.0070143
CC,1,1.029554
CC,2,0.9760758
CC,3,0.7378623
CC,4,1.256724
CC,5,0.9453652
CC,6,0.7815031
CC,7,0.93448
CA,1,0.9242951
CA,2,1.0395873
CA,3,1.1103815
CA,4,1.325281
CA,5,1.0588176
CA,6,0.8071519
CA,7,1.2092942
CG,1,0.9173232
CG,2,1.0680838
CG,3,1.6096066
CG,4,0.236914
CG,5,1.0945731
CG,6,1.5389724
CG,7,0.8492115
AU,1,1.0737859
AU,2,0.9638913
AU,3,0.500252
AU,4,1.017188
AU,5,0.8446866
AU,6,0.8332845
AU,7,1.0139044
AC,1,1.0892991
AC,2,1.0490785
AC,3,0.7084507
AC,4,1.030692
AC,5,0.9255109
AC,6,0.7490046
AC,7,1.2269049
AA,1,0.9292963
AA,2,1.0501222
AA,3,0.9981869
AA,4,1.034722
AA,5,1.0592632
AA,6,0.7712762
AA,7,1.0311511
AG,1,0.9806788
AG,2,0.936908
AG,3,1.7931104
AG,4,0.917398
AG,5,1.1705393
AG,6,1.6464347
AG,7,0.7280396
GU,1,1.0839084
GU,2,1.0158367
GU,3,0.4262202
GU,4,1.006468
GU,5,0.9187128
GU,6,0.839033
GU,7,0.703785
GC,1,1.1318629
GC,2,1.081634
GC,3,0.6696634
GC,4,1.04724
GC,5,0.9019639
GC,6,0.7419479
GC,7,1.1782457
GA,1,1.0346506
GA,2,1.1287405
GA,3,1.0993321
GA,4,1.060968
GA,5,1.0870707
GA,6,0.7965767
GA,7,0.7378947
GG,1,0.7495781
GG,2,0.7737888
GG,3,1.8047843
GG,4,0.885324
GG,5,1.0922526
GG,6,1.6224424
GG,7,1.3800746